SECTORNUMBER,1997,1998,1999,2000,2001,2002,2003,2004,2005,2006,2007,2008,2009,2010,2011,2012,2013,2014,2015,2016,2017,2018,2019,2020
       1.000,  198059.479,  194421.211,  200592.515,  205337.543,  200438.238,  182126.279,  197147.490,  217561.014,  218808.659,  207757.987,  213262.691,  202374.715,  208584.152,  235212.680,  218408.748,  209883.859,  232802.283,  268218.833,  264762.618,  273288.111,  275998.290,  282317.649,  298298.389,  301776.612
       2.000,  154469.530,  151434.582,  149981.384,  154779.529,  151993.598,  168167.022,  166426.436,  164989.728,  163140.107,  170135.971,  173750.166,  185685.331,  194218.296,  176817.523,  182400.852,  190821.849,  191553.704,  167655.846,  175127.679,  195955.971,  192234.969,  189409.068,  211529.413,  218049.052
       3.000,    9126.588,   11084.104,   12682.733,   10137.299,   10892.006,   11546.220,   11478.963,   12184.815,   12219.930,   11417.801,    7974.031,    7492.494,    7932.562,    7028.829,    6627.845,    5451.477,    5689.498,    6187.258,    6276.708,    6183.977,    6507.485,    5994.440,    6109.597,    5797.997
       4.000,   14397.154,   16094.948,   18072.496,   15251.435,   15669.158,   15951.473,   15900.457,   16880.316,   16831.134,   17792.716,   14574.326,   14322.571,   13906.158,   13820.887,   14132.880,   12235.918,   12623.573,   14650.842,   15510.682,   16120.881,   16321.436,   15746.141,   17107.703,   15440.860
       5.000,    9735.778,   10579.098,   10197.404,    8686.739,    9858.800,    9369.449,   10228.097,    9685.539,    9443.198,    9266.307,    8353.574,    7600.261,    9522.398,    8954.216,    9431.894,    8637.752,    9742.427,   10126.405,   10464.505,   10000.274,   10283.001,    9939.601,    9643.253,    9204.822
       6.000,   21622.802,   23179.569,   24627.807,   20701.561,   22782.571,   22589.833,   24534.162,   27500.270,   27484.947,   27769.412,   26565.485,   28065.801,   26410.139,   27070.694,   28739.000,   27701.850,   28178.878,   30538.512,   29770.574,   29154.419,   29480.920,   27764.739,   28174.369,   27849.322
       7.000,  250598.286,  245060.862,  225291.135,  220480.980,  217115.413,  210914.695,  210097.078,  200318.715,  194355.226,  195447.409,  205626.996,  214721.170,  223135.089,  238091.476,  265120.702,  289714.454,  286883.058,  312520.400,  332955.244,  313517.478,  344526.217,  377278.523,  409040.953,  423816.186
       8.000,   46931.203,   48397.132,   48647.324,   47668.437,   47643.030,   41498.176,   40622.879,   43909.086,   46874.864,   50837.032,   50130.135,   49998.819,   46493.358,   48008.375,   52319.142,   43964.777,   39907.323,   43596.767,   40539.051,   36902.669,   38145.307,   37943.234,   39715.658,   36820.537
       9.000,   38774.598,   43320.602,   40668.343,   37093.906,   37720.197,   33756.360,   33885.884,   33667.845,   34200.220,   30498.996,   29881.235,   33313.192,   36157.108,   32186.296,   32851.283,   32764.086,   34178.235,   36550.948,   36995.786,   33944.838,   34411.270,   33949.254,   33109.667,   27242.466
      10.000,   30681.131,   31911.720,   31272.227,   32718.781,   32597.445,   33027.694,   34104.250,   37062.186,   38862.870,   38155.577,   32687.475,   31773.475,   26154.660,   28590.621,   29637.505,   26858.667,   24923.825,   26417.901,   26839.804,   26384.093,   27586.665,   28161.711,   29809.042,   27221.365
      11.000,  120683.905,  106108.435,   86260.258,  107460.363,  124715.121,   95883.178,  108957.108,  115881.354,  126599.383,  136552.394,  136299.008,  146495.749,  106031.856,  124678.709,  157649.440,  174471.927,  176795.043,  188649.496,  136231.565,   80433.194,  109150.541,  136949.830,  133641.145,   89433.083
      12.000,  321482.050,  340290.906,  393932.023,  443641.244,  492498.788,  376207.097,  378022.092,  379935.991,  414195.200,  378528.605,  380982.961,  430376.909,  375222.188,  436071.560,  431338.812,  428678.631,  450687.259,  465956.154,  446490.136,  431926.365,  409895.066,  424387.712,  412359.129,  401649.865
      13.000,  119798.954,  119515.870,  139814.077,  136723.776,  130767.070,  119522.318,  105910.759,  103151.233,  101178.468,   98319.225,  116304.928,  112780.404,  107995.161,  113380.967,  102837.149,   94006.259,  103022.303,  105352.258,  109001.773,  107069.964,  100449.481,  113738.979,  113221.528,  112625.401
      14.000,   66945.083,   69401.092,   76958.931,   83433.243,   92526.198,   72855.500,   72259.114,   70666.387,   72715.585,   73042.333,   72520.258,   79464.598,   72127.389,   74964.880,   71965.788,   69537.832,   69712.688,   72234.647,   68120.050,   64229.622,   63719.466,   63353.843,   62511.012,   60772.563
      15.000, 1297483.205, 1371767.742, 1419217.943, 1476514.225, 1484493.077, 1463724.160, 1485258.147, 1531875.429, 1565786.558, 1555171.156, 1516452.456, 1410722.835, 1241829.479, 1143602.708, 1111515.566, 1165386.005, 1193846.492, 1259483.598, 1361480.674, 1428362.414, 1441407.982, 1436574.004, 1453709.965, 1491410.260
      16.000,   48559.495,   54157.505,   56328.221,   55732.281,   54703.703,   52584.444,   60462.649,   53567.202,   58812.124,   57879.832,   57372.945,   55758.042,   58152.813,   58680.859,   56863.159,   56072.902,   56348.213,   61029.751,   64205.518,   64620.647,   66084.379,   63634.337,   63415.325,   66211.740
      17.000,   77508.075,   79422.332,   81059.985,   84537.998,   84290.592,   78222.694,   76515.620,   76968.315,   85606.725,   84275.197,   81038.932,   74198.881,   86496.141,   94979.783,   89273.210,  100436.824,  102212.163,  112220.127,  127799.980,  129143.920,  129921.371,  127201.543,  134755.009,  136985.192
      18.000,   35239.860,   36080.517,   35367.235,   36563.272,   36048.605,   34918.095,   34346.716,   35799.943,   34876.380,   31740.083,   33920.490,   35937.514,   32295.335,   30772.351,   30836.644,   33990.789,   37033.088,   38500.286,   37577.115,   36940.146,   37080.956,   36534.144,   36088.861,   37126.407
      19.000,   67314.583,   69513.262,   67785.569,   69478.324,   71532.683,   71128.634,   72784.505,   73814.562,   74010.447,   70875.486,   72183.346,   72807.670,   66405.127,   68940.086,   70381.583,   68472.202,   71236.112,   72968.954,   71842.268,   71392.563,   72313.947,   71107.585,   71820.768,   74999.631
      20.000,   83095.688,   74744.881,   78913.367,   84101.784,   80825.792,   87066.708,   91533.067,   88419.131,   94481.374,  100526.966,   94185.946,   96658.346,  110257.208,  103414.632,   98913.454,  102323.726,  102703.608,   96277.526,  109525.156,  109515.179,  109229.590,  111037.198,  107376.902,  110433.599
      21.000,  171936.544,  186233.040,  186146.601,  180999.817,  177892.880,  187094.704,  180699.825,  178087.220,  185895.354,  194423.987,  198785.681,  205876.616,  212168.621,  202872.113,  200764.315,  198392.962,  198980.219,  184525.591,  196282.373,  209555.380,  212148.259,  218921.042,  218514.595,  222227.359
      22.000,    8278.153,    9573.063,    9963.907,   10510.805,   10849.113,   11068.434,   12020.693,   11592.755,   11506.947,   11277.618,   11365.672,   10777.623,   10295.683,   10093.781,    9522.256,   10547.878,   11390.331,   11697.822,   11584.475,   11433.320,   11576.507,   10667.146,   10569.772,    9954.231
      23.000,   69051.275,   70574.702,   70711.288,   73308.390,   74484.325,   74239.566,   74498.855,   75893.217,   77365.019,   75495.497,   76886.097,   73118.609,   70501.749,   70549.358,   72016.572,   72761.701,   73178.350,   75191.790,   74499.014,   74391.292,   75841.104,   75394.019,   75419.779,   80412.808
      24.000,   69318.972,   72063.327,   72353.899,   74722.336,   77793.048,   78365.548,   80650.485,   89916.380,   90961.828,   89526.088,   93438.112,   94472.871,   92413.377,   94190.047,   97022.514,   97166.486,   99712.175,  101096.671,   97506.221,  101360.916,  102100.253,   98547.076,  100689.462,  103272.031
      25.000,   88500.909,   89542.435,   87950.708,   91219.353,   88568.609,   87924.962,   91758.936,   94581.279,   96866.897,   97676.797,  103511.441,  101248.638,  101783.552,  105505.891,  109572.526,  111750.613,  112680.578,  117557.591,  119218.941,  116563.817,  118076.141,  118513.122,  118895.938,  129102.370
      26.000,  153840.997,  146564.981,  130000.308,  122050.460,  116691.528,  103558.173,  102481.118,  103200.061,   99266.708,   98962.191,   94837.458,   90973.193,   76553.338,   66506.259,   61298.844,   56657.572,   56610.205,   55184.071,   52360.998,   49216.262,   47537.683,   44908.330,   42632.870,   41112.396
      27.000,   95432.767,   96065.301,   95252.582,   93163.088,   83917.405,   81389.949,   78333.964,   81589.312,   82420.073,   74398.450,   65887.735,   55730.469,   46133.602,   46946.780,   46234.467,   48897.244,   50108.991,   51009.731,   49861.695,   48979.119,   46185.180,   44616.785,   43728.259,   40792.752
      28.000,   90300.270,   81673.509,   78616.421,   75966.371,   60153.096,   52882.650,   45305.954,   40494.027,   41498.058,   40101.105,   29983.418,   26674.210,   24688.999,   22707.451,   23033.929,   19721.300,   19814.434,   19179.466,   19022.366,   18960.635,   18824.422,   19771.959,   19718.738,   20693.585
      29.000,   22494.740,   24363.703,   24407.425,   24424.037,   23150.219,   23454.674,   23375.113,   30454.307,   32536.349,   33206.590,   30628.890,   28102.209,   24476.846,   24544.679,   25051.876,   25897.447,   25747.699,   25713.697,   28843.062,   29725.778,   29783.419,   29538.881,   29009.746,   26239.888
      30.000,   21350.345,   22579.237,   22513.099,   23138.468,   22347.097,   24016.573,   22726.264,   22987.383,   24569.322,   24936.160,   23397.473,   20418.462,   17267.035,   17076.497,   17529.420,   16895.750,   17675.273,   19051.557,   20230.610,   20917.271,   20657.729,   19310.838,   20572.848,   17278.080
      31.000,   44156.820,   46535.846,   48350.431,   45461.458,   41703.315,   43645.518,   45626.142,   53965.227,   58233.590,   57224.282,   52750.688,   44348.087,   33788.853,   36242.466,   36403.789,   36224.976,   38832.162,   39643.225,   42079.046,   43908.960,   45516.476,   47441.260,   45555.997,   43853.110
      32.000,   97134.342,   98304.624,  100913.059,   95223.190,   90721.642,   94769.450,   90570.136,   94290.727,   92736.500,   91199.888,   92237.558,   87555.677,   80405.843,   82306.045,   84188.831,   83220.651,   85401.506,   84824.843,   84933.565,   85361.369,   82990.619,   80665.655,   82400.713,   82991.828
      33.000,  107299.537,  107532.438,  108067.604,  104807.773,   99325.236,   99677.006,   98170.764,  100731.081,  103144.264,  102062.269,  103673.326,   99621.312,   88971.114,   92268.903,   93213.042,   93453.378,   93905.803,   93305.899,   94086.976,   92537.869,   91873.574,   93112.815,   93047.090,   90606.223
      34.000,  240664.023,  241492.640,  245105.953,  244306.626,  232955.333,  235243.622,  225011.154,  228242.049,  229733.341,   80726.341,   79786.200,   76550.300,   66337.411,   67725.482,   68417.243,   67595.467,   66740.922,   66681.096,   67976.442,   70604.376,   70296.585,   71693.787,   73604.540,   69975.796
      35.000,  789730.270,  781306.591,  819472.431,  841148.523,  839681.273,  849562.828,  795733.967,  850821.484,  896711.738,  880366.640,  886164.976,  837863.157,  840727.086,  811779.714,  820914.457,  812014.819,  871988.718,  851649.323,  851051.707,  890328.116,  907847.728,  927695.086,  914739.143,  903465.864
      36.000,  213043.585,  212349.730,  220696.279,  211727.083,  197806.244,  212944.657,  217156.933,  278907.255,  281634.161,  291092.490,  325557.576,  285195.914,  271612.758,  289878.395,  277304.131,  289413.877,  301901.625,  309725.302,  334324.926,  341679.370,  336749.628,  336159.199,  348827.861,  349336.750
      37.000,  117053.331,  120875.215,  122340.283,  118165.926,  108049.176,  114985.467,  113466.312,  118020.004,  119071.900,  121690.728,  132262.121,  117973.490,  108358.882,  113235.582,  111056.264,  109791.589,  113234.566,  109197.228,  116668.005,  120815.061,  118366.992,  116778.699,  125862.756,  123114.351
      38.000,   43797.545,   42833.040,   42582.290,   41690.019,   40107.104,   38612.374,   37296.276,   38884.085,   41225.630,   40749.470,   39782.285,   30132.993,   35376.050,   41110.388,   38890.313,   41463.879,   45210.186,   46188.211,   45270.700,   49308.219,   52041.228,   49604.897,   50859.425,   53180.630
      39.000,  164759.340,  164454.596,  172014.674,  188852.245,  198911.129,  220290.557,  223699.971,  224984.435,  221682.933,  222713.761,  223893.897,  202627.823,  183000.741,  182271.905,  180838.675,  168729.652,  173344.257,  178584.715,  168973.840,  160304.041,  163121.769,  158277.391,  162178.621,  165158.419
      40.000,   44968.050,   45627.264,   46748.815,   47317.178,   43648.261,   43736.076,   43788.775,   46419.627,   46952.984,   43149.569,   41462.085,   39803.648,   33049.933,   37332.952,   36794.925,   35110.896,   36633.059,   36558.917,   36027.842,   35577.510,   36897.726,   36677.491,   38134.844,   35415.932
      41.000,   66944.301,   66869.089,   68444.586,   72212.843,   70436.995,   75733.961,   76757.600,   82735.574,   87182.303,   88776.205,   94190.783,   86700.416,   73812.182,   79690.756,   80029.858,   76334.965,   80147.787,   80578.149,   78895.413,   78499.054,   79223.260,   81564.206,   80953.897,   80818.516
      42.000,   51347.442,   50890.913,   52397.601,   53975.740,   48943.871,   49121.800,   48905.212,   52609.593,   51715.682,   49740.592,   49940.122,   48225.369,   38759.948,   44737.818,   46178.978,   43760.579,   45834.303,   45526.542,   43500.946,   43558.130,   44919.709,   45126.875,   45703.153,   43337.349
      43.000,  174940.845,  183815.444,  194484.885,  198996.324,  188184.946,  195070.091,  193120.830,  201668.863,  201353.719,  198438.110,  195089.646,  174487.896,  147364.278,  159758.727,  162652.560,  171783.710,  171724.870,  175642.480,  179822.197,  181271.308,  177986.939,  179827.783,  180703.326,  172932.425
      44.000,   51009.084,   52042.943,   52866.601,   53050.063,   49419.118,   47689.598,   48114.332,   48918.872,   50332.851,   50386.105,   47668.404,   43433.515,   38181.887,   40621.893,   40656.611,   42171.672,   43411.900,   45409.715,   47939.933,   48122.446,   46514.382,   47982.441,   47713.833,   44605.167
      45.000,   13498.737,   13771.745,   13118.084,   12465.749,   11087.976,   10529.169,   10380.222,   10287.637,   10559.638,   10460.717,    9897.603,    8491.391,    7290.235,    6886.961,    6856.628,    7137.084,    7433.578,    7836.417,    8244.981,    8634.872,    9001.014,    8699.965,    8729.114,    8254.213
      46.000,   25833.007,   27190.185,   27743.041,   27374.006,   25215.315,   25414.558,   24568.139,   25088.385,   26037.420,   26713.627,   25231.792,   23397.816,   19468.185,   21761.530,   23780.892,   22923.475,   24361.633,   25495.858,   25971.557,   26463.585,   26823.686,   26423.524,   26824.480,   24829.413
      47.000,   49997.435,   54001.542,   56596.897,   57414.482,   56043.175,   57858.433,   60794.744,   64207.300,   66795.943,   68350.215,   65949.820,   54244.515,   39495.577,   39983.009,   39481.904,   39355.745,   41008.870,   43336.998,   45154.930,   46684.538,   47614.953,   46997.902,   46967.382,   45100.552
      48.000,   26758.805,   27707.333,   26217.916,   26514.658,   26505.222,   26206.337,   26984.919,   27936.452,   29557.384,   29878.422,   31608.700,   30965.757,   23587.414,   25779.457,   26952.056,   26231.494,   27645.789,   27857.906,   28599.055,   29646.141,   29865.573,   29658.029,   30543.370,   28904.945
      49.000,  114140.839,  119023.623,  119313.044,  116749.288,  108906.382,  107096.662,  102997.350,  108921.501,  114503.375,  121030.655,  125285.806,  116293.880,   91820.515,  108998.955,  115960.081,  126824.720,  130559.417,  128837.493,  129674.845,  125521.586,  120472.870,  120637.783,  121892.995,  119256.273
      50.000,   18275.806,   21068.444,   20942.230,   22517.657,   19333.487,   16652.247,   16113.385,   13664.704,   12719.618,   12325.750,   10940.416,   10004.888,    6505.583,    9102.350,    9566.392,    9526.977,   10050.184,   10524.193,   10137.123,    9739.023,    9394.610,    9755.591,    9141.336,    7997.162
      51.000,   37431.254,   41452.309,   39332.851,   36312.247,   32910.208,   34814.854,   32645.737,   38620.765,   39090.569,   36445.639,   36211.810,   36375.662,   26943.866,   32815.812,   34098.593,   37035.333,   37175.371,   36202.938,   33458.359,   31292.364,   30709.905,   31818.630,   31486.172,   31581.217
      52.000,   51277.570,   55847.492,   53015.069,   50374.956,   43912.179,   42867.905,   45561.081,   59907.885,   59416.684,   48237.263,   51933.573,   55808.715,   37842.370,   49364.100,   51699.816,   60851.875,   63427.469,   66833.190,   63450.439,   60184.480,   58595.957,   63052.000,   59749.829,   48826.551
      53.000,   42090.604,   43361.337,   41671.747,   42192.309,   36399.066,   37225.073,   34056.943,   42306.016,   39725.570,   39854.704,   36452.657,   34942.865,   20678.104,   27366.508,   30909.368,   31364.441,   30767.343,   32169.999,   28606.890,   26572.674,   29535.664,   32025.304,   30735.929,   26653.284
      54.000,   30195.453,   30818.957,   30908.784,   31555.384,   28164.124,   27662.045,   28006.858,   30084.107,   31750.685,   34896.946,   37678.873,   37069.719,   30892.780,   34069.744,   37729.956,   34885.869,   36099.802,   37096.196,   36990.483,   35746.168,   35877.048,   38181.515,   39294.583,   35894.754
      55.000,   16324.792,   16236.180,   16028.441,   15850.946,   14305.978,   13567.459,   13499.835,   13295.825,   12477.410,   12707.597,   11620.143,   11405.414,   10289.703,   10793.102,   10529.353,    9097.627,    9242.560,    9278.410,    8978.379,    8528.885,    8659.201,    9224.734,    9238.118,    8539.797
      56.000,   76980.188,   80990.979,   84209.029,   86588.929,   85036.542,   82854.212,   84283.382,   81825.194,   86054.739,   92508.612,   95972.003,   91243.472,   72135.037,   70780.064,   71684.282,   73084.104,   74234.034,   77664.229,   78823.996,   78835.811,   81332.917,   80059.576,   79699.513,   77309.832
      57.000,   32009.769,   32644.314,   33043.640,   33506.747,   31170.418,   30440.456,   29781.760,   31254.645,   31472.880,   33493.136,   34722.435,   34496.718,   26850.199,   29296.472,   34024.967,   34024.267,   34961.773,   35646.970,   34554.559,   33938.655,   34636.385,   35040.092,   34576.680,   33617.440
      58.000,   13605.239,   14112.342,   14134.727,   14379.235,   13307.834,   13136.065,   12098.673,   11435.682,   11108.599,   10594.183,    9942.329,    9379.737,    7467.936,    7191.475,    7330.674,    7261.186,    7318.110,    7330.203,    7213.470,    6955.254,    6940.741,    7271.064,    7310.912,    6521.409
      59.000,    7199.452,    7842.227,    7764.425,    7766.451,    7228.319,    7219.876,    7224.947,    7170.238,    7588.258,    7945.710,    8352.050,    7333.091,    5612.078,    5856.816,    6146.354,    5835.535,    5875.489,    6053.163,    5915.036,    5681.250,    5758.374,    5833.780,    5749.116,    5078.446
      60.000,   56757.866,   58081.399,   58914.682,   61038.210,   56247.407,   55776.262,   55406.977,   57935.141,   61022.877,   64728.650,   67401.559,   67202.887,   52597.245,   57386.031,   64884.165,   67410.287,   67833.037,   69730.377,   68213.785,   65367.191,   66587.117,   70338.667,   70337.193,   62927.155
      61.000,   25329.512,   26416.582,   26649.489,   27651.249,   25598.416,   25868.315,   25333.722,   26253.742,   28175.691,   29129.201,   30039.075,   30030.787,   23478.668,   24317.993,   27012.786,   27303.160,   28116.794,   28313.176,   27443.427,   26156.383,   26295.820,   27867.231,   28404.041,   26447.711
      62.000,   71727.774,   73468.562,   74891.455,   77624.063,   72330.604,   70888.148,   71374.035,   73641.362,   77190.116,   80323.474,   82736.336,   82066.877,   62527.509,   66709.293,   71526.380,   71947.856,   74112.848,   73517.286,   70960.507,   68176.465,   68541.995,   71441.043,   71198.300,   63881.401
      63.000,   66687.501,   67157.035,   63162.278,   66164.636,   58094.858,   53189.168,   57323.237,   67834.144,   78680.718,   85394.453,   89939.004,   92766.069,   72812.845,   86045.032,   98369.032,  111344.560,  109344.203,  113061.733,   99732.401,   91603.996,   95421.488,  104488.070,  106395.675,   92132.208
      64.000,   32848.071,   33183.126,   31691.933,   35468.425,   29583.399,   28563.748,   27247.453,   31757.157,   33843.234,   35790.332,   37546.729,   36003.079,   27018.080,   28293.016,   33889.955,   30874.638,   31018.742,   31268.247,   28350.689,   26466.838,   27556.141,   29332.067,   31177.675,   28158.126
      65.000,   27491.161,   27910.135,   26203.736,   27385.954,   24480.462,   23475.500,   24760.519,   23956.297,   24155.785,   25034.298,   24389.819,   23477.729,   20619.958,   22061.444,   22569.201,   24186.890,   23104.534,   23279.092,   23390.996,   23566.911,   22929.557,   23550.939,   23546.469,   21945.850
      66.000,   41426.400,   43111.314,   44388.633,   46363.194,   42239.989,   41020.441,   40755.190,   42551.747,   43566.215,   44250.630,   43882.795,   41591.142,   33682.443,   36526.331,   39122.613,   40087.143,   39147.405,   40508.043,   41560.167,   41358.624,   42759.004,   43917.258,   44576.103,   40871.376
      67.000,   36484.366,   36482.352,   35122.562,   36012.844,   30448.129,   28389.123,   27802.912,   28055.410,   29636.832,   29573.700,   29552.240,   30121.136,   24390.512,   27775.766,   31830.349,   30666.015,   30338.985,   30583.025,   29749.766,   27255.094,   29659.583,   31581.400,   31089.648,   25692.651
      68.000,   40227.432,   43469.474,   44102.356,   48813.800,   45856.585,   45591.277,   45390.502,   46080.833,   49406.179,   50461.851,   50933.625,   49935.679,   38723.949,   44511.928,   51533.556,   55443.163,   54070.957,   55139.681,   50193.623,   46831.765,   48933.252,   53511.165,   53319.311,   46840.653
      69.000,   89154.310,   91025.620,   87671.388,   92076.103,   82108.643,   79394.874,   81228.097,   85647.203,   91814.239,   98040.338,  100069.094,   97346.059,   75044.454,   84715.983,   93686.850,   97494.566,   94648.003,   95149.209,   89209.495,   84627.813,   88523.080,   94757.945,   92067.987,   85605.830
      70.000,    9203.603,   11813.736,   15194.708,   18727.058,   18434.977,   19199.994,   22032.697,   24192.833,   28261.604,   34555.842,   41454.707,   45064.576,   42917.328,   36874.849,   33452.906,   36874.598,   34282.027,   34169.112,   35299.460,   35538.267,   40530.548,   44379.387,   49536.737,   56644.261
      71.000,   66888.607,   69772.826,   77637.578,   97082.669,   82838.301,   61809.761,   61170.592,   62773.588,   62953.166,   63278.472,   63427.356,   59955.042,   53117.876,   53256.330,   47640.450,   42867.814,   42061.689,   40516.103,   41172.460,   40313.114,   42916.838,   44939.201,   46291.095,   46112.822
      72.000,    7611.705,    8154.540,    8839.585,   10036.774,   10607.108,    8616.760,    9230.857,    8912.380,   10389.233,   11696.584,   12703.655,   11675.288,   10778.172,    6713.656,    5038.116,    5935.025,    4691.528,    2912.433,    4849.607,    6402.864,    6362.757,    6264.923,    9716.122,    9991.549
      73.000,   76814.815,   81061.545,   87426.140,  100044.054,   83090.013,   69885.107,   72016.249,   77638.790,   82522.969,   87670.451,   95236.270,   95343.653,   79908.879,   83308.844,   96140.635,   88604.692,   88518.720,   86513.991,   88663.582,   88396.456,   92178.250,   99957.267,  106160.438,   95431.657
      74.000,   97755.421,  102336.658,  112719.375,  131338.815,  114796.351,   98225.033,  101989.665,  111300.189,  119865.066,  125767.191,  134566.225,  137377.775,  121823.136,  133630.212,  141156.338,  139369.450,  136013.537,  133891.479,  133849.558,  129027.431,  129823.559,  136949.723,  133381.823,  123776.572
      75.000,   11775.480,   11584.321,   11867.157,   13253.211,   10678.988,    9026.932,   10015.133,    7328.856,    7235.957,    6936.364,    6553.068,    5747.383,    4452.987,    4204.736,    3810.774,    3060.703,    2997.871,    2902.403,    3004.191,    2933.943,    3045.704,    3194.190,    3240.050,    3113.990
      76.000,   14590.390,   15426.013,   15884.966,   16998.590,   15345.562,   14530.436,   14243.515,   14250.439,   14324.206,   14685.968,   14368.660,   13795.605,   11552.686,   10904.521,   11359.752,   11954.121,   12030.751,   13044.161,   14352.403,   15248.915,   15243.992,   15433.248,   14818.323,   13827.038
      77.000,   20811.932,   22379.784,   23554.391,   25954.423,   24101.975,   22900.679,   23089.867,   25157.087,   25965.810,   25243.023,   23727.549,   22994.925,   20520.525,   21156.995,   20515.571,   19103.309,   19084.734,   19417.286,   20218.048,   20847.232,   19868.500,   20315.223,   20775.168,   21085.278
      78.000,   52530.992,   53451.323,   53057.628,   55234.582,   47159.527,   42595.596,   41855.802,   43587.797,   44274.436,   45543.717,   46112.927,   43299.544,   34124.571,   35201.451,   36429.972,   37072.618,   36634.152,   37349.327,   37854.771,   37543.647,   36277.246,   37832.151,   38134.970,   35175.303
      79.000,   49617.361,   53368.309,   56579.510,   60089.208,   52761.852,   48652.874,   48470.348,   52806.145,   53922.941,   51618.838,   53340.329,   51586.562,   43445.661,   45629.163,   48439.329,   50408.018,   50288.704,   53441.578,   54244.864,   53726.740,   52652.429,   53506.961,   54446.287,   50856.856
      80.000,  225501.690,  241373.730,  271217.454,  251788.542,  257285.226,  259897.682,  264475.107,  282760.587,  289710.007,  302232.952,  295286.138,  238435.131,  180057.794,  226827.744,  255417.487,  263958.445,  296129.262,  322476.438,  355695.233,  372500.542,  382833.318,  426790.690,  440766.945,  390226.555
      81.000,   26975.058,   29718.542,   32602.039,   29430.669,   26118.678,   26496.496,   28527.813,   32684.817,   35677.153,   36776.232,   32866.910,   25565.298,   19266.341,   23943.615,   26215.237,   27295.266,   29675.258,   34132.913,   37786.808,   35922.920,   38920.732,   41798.903,   43291.054,   40788.038
      82.000,  186112.575,  193526.657,  218751.658,  210902.571,  199855.703,  208669.390,  211978.696,  224409.235,  225631.343,  217287.450,  208829.140,  181383.227,  137640.325,  177231.570,  194436.631,  207331.964,  225202.765,  251281.230,  274778.462,  287787.566,  286144.920,  301056.572,  314240.945,  271539.171
      83.000,  158779.567,  193972.973,  184267.452,  151370.226,  168225.635,  153347.406,  140695.750,  140153.445,  154549.889,  154642.867,  187277.540,  190777.544,  172822.390,  178306.012,  182476.062,  202069.450,  211109.967,  222135.405,  226401.948,  216122.972,  229380.615,  241069.383,  244893.717,  161718.311
      84.000,   11260.106,   12881.096,   13505.613,   11857.970,   10856.909,    9957.447,    9585.443,    9587.913,   10241.260,   10891.447,   13298.603,   13710.454,   12737.508,   13434.581,   14393.617,   15922.264,   17137.071,   20005.993,   20208.660,   16621.506,   17706.459,   18635.981,   18947.352,   18771.093
      85.000,   23481.316,   28686.918,   28238.315,   25144.992,   28831.173,   27608.053,   27087.778,   27082.009,   29299.258,   26484.510,   30716.218,   34079.635,   30930.993,   28194.240,   27196.272,   28404.817,   29855.657,   31375.841,   31805.742,   30203.953,   31850.583,   32902.257,   33197.361,   31406.673
      86.000,   10393.709,   13478.641,   13944.372,   13002.770,   15816.653,   16112.945,   16810.950,   19366.318,   22757.291,   24440.504,   26639.067,   30213.156,   24370.255,   21763.441,   22442.820,   18554.912,   19487.485,   20975.225,   21424.291,   20651.725,   21025.998,   21977.027,   24474.438,   26577.275
      87.000,   46169.446,   49627.293,   51259.856,   54219.960,   51854.745,   53533.969,   52599.051,   55129.553,   56545.754,   55667.192,   52232.665,   44011.500,   31578.083,   31001.727,   29570.208,   31042.781,   31623.971,   31409.558,   33209.834,   33235.705,   33006.649,   33854.369,   35016.707,   35724.499
      88.000,   28267.372,   31172.054,   30198.159,   31681.714,   28080.087,   28362.426,   28003.529,   29774.935,   30620.271,   31173.973,   29914.416,   26610.376,   20333.725,   20477.058,   21201.103,   22366.753,   23272.281,   23343.687,   24501.898,   24661.979,   24412.262,   24447.392,   24735.142,   24294.795
      89.000,    7784.968,    8172.495,    8457.822,    8904.056,    9018.256,    9086.112,    9583.456,    9879.849,   10130.291,   10264.432,   10503.645,    9763.919,    8792.234,    8251.937,    8932.296,    9559.841,    9993.231,   11042.318,   13504.172,   14294.425,   14944.688,   15494.568,   15964.871,   16861.655
      90.000,   49939.329,   54017.276,   54135.637,   62573.089,   59864.226,   64265.527,   67458.859,   69547.990,   76717.230,   80354.605,   81094.736,   86157.156,   80514.997,   81941.787,   83475.304,   84828.528,   91043.496,   86765.726,   88710.956,   88524.258,   86524.884,   90237.913,   91719.115,   91185.475
      91.000,   80247.386,   81760.505,   78410.817,   85255.172,   73026.909,   77224.080,   78522.068,   77268.908,   81673.938,   82074.330,   81932.641,   82863.558,   69840.179,   64992.279,   61135.555,   59235.355,   63003.618,   63555.534,   61497.376,   61029.454,   58371.920,   60517.509,   58509.077,   58118.963
      92.000,  902092.142,  953414.542, 1018000.511, 1084901.935, 1092309.803, 1152852.899, 1200651.160, 1266756.168, 1337086.491, 1376040.441, 1432483.896, 1444510.055, 1200522.328, 1413495.405, 1552997.159, 1650517.467, 1685423.614, 1744082.697, 1764632.701, 1741635.727, 1796150.933, 1850749.463, 1884576.379, 1833921.501
      93.000,  151186.527,  145083.456,  162848.448,  154318.562,  128564.649,  159998.873,  160039.293,  165704.241,  155938.733,  154954.182,  157598.077,  127277.247,   90524.359,  136775.184,  132409.810,  154498.313,  166838.355,  180121.756,  204977.366,  229027.491,  239701.430,  256749.329,  276716.641,  284948.734
      94.000,  194709.002,  196358.309,  201146.730,  196305.341,  201244.309,  198517.944,  196294.020,  198148.349,  193421.961,  197608.100,  195171.665,  190050.482,  183639.840,  195080.582,  193209.811,  189317.135,  187630.900,  191720.384,  192649.121,  190989.994,  198166.191,  196369.673,  200191.212,  203826.155
      95.000,  124535.580,  131698.832,  141784.280,  145537.509,  147078.268,  159555.124,  184096.370,  201367.190,  208849.073,  210986.660,  218002.131,  215073.330,  226128.273,  219672.372,  214581.893,  199048.617,  203433.959,  209780.170,  219823.542,  219038.909,  225730.797,  240607.418,  241472.146,  250453.075
      96.000,  464774.725,  497564.149,  526112.778,  562227.115,  571969.256,  608132.700,  650099.197,  695896.890,  725747.043,  750837.040,  747427.374,  702222.287,  656356.408,  688852.721,  710719.347,  742569.728,  774096.245,  800484.074,  841760.806,  876833.029,  901431.269,  944393.907,  971882.389,  978584.485
      97.000,  206234.104,  211383.476,  210201.067,  204635.880,  169984.369,  162385.062,  172624.280,  186328.459,  188633.143,  192606.599,  200868.390,  191592.341,  177893.071,  184021.730,  203357.018,  193455.169,  203101.459,  208427.406,  215429.638,  217713.226,  226504.419,  236071.891,  249397.468,  165169.438
      98.000,   66131.075,   65710.187,   66938.994,   66795.895,   66739.021,   67699.915,   67975.911,   71177.402,   72269.569,   74832.611,   76139.873,   76052.850,   64713.202,   74510.801,   78892.688,   77887.542,   79582.938,   82759.684,   79613.999,   74829.165,   76637.000,   78026.987,   78019.959,   73047.044
      99.000,   47148.296,   46923.017,   45636.263,   44173.480,   41235.163,   38939.497,   41092.702,   47416.491,   48488.856,   52338.653,   58123.538,   57295.735,   51552.789,   49263.835,   46208.067,   45737.776,   44119.676,   47415.460,   45938.177,   47081.424,   50086.411,   51748.329,   53259.178,   51599.572
     100.000,  211407.882,  217062.556,  226611.054,  231845.228,  232142.105,  281130.071,  257918.902,  278541.425,  300896.227,  307061.467,  308505.869,  292093.812,  251425.176,  267749.667,  280184.997,  291520.327,  294707.408,  314592.365,  323168.552,  320698.292,  332671.011,  336812.199,  352084.110,  341505.262
     101.000,   44653.220,   46644.985,   46342.789,   43605.897,   44481.402,   44948.339,   43921.251,   50086.559,   53889.340,   58764.359,   62095.900,   60805.787,   61096.637,   60114.379,   63681.319,   65929.689,   69603.650,   75947.045,   80312.082,   85424.835,   96912.530,  104677.754,  115033.454,   89952.074
     102.000,   53825.203,   53367.840,   54402.728,   50346.847,   45100.026,   43537.292,   43981.369,   44186.510,   40135.079,   38788.051,   40077.089,   45130.423,   39264.379,   35126.319,   40018.234,   39724.334,   39573.085,   40328.200,   39413.105,   39120.322,   42807.400,   48040.301,   50192.027,   45282.906
     103.000,   72417.838,   80021.617,   87003.496,   93525.581,   95568.011,   94920.888,   96482.462,  104170.446,  110415.958,  118748.165,  126092.733,  124090.563,  110446.128,  114552.064,  121712.780,  127165.324,  128304.943,  136054.718,  142221.877,  140901.499,  137744.474,  140560.344,  147923.360,  139513.736
     104.000,   67211.354,   66852.690,   74287.085,   73519.612,   72318.311,   91474.383,   93568.168,   99819.841,  104311.328,  107341.965,  115783.335,  102868.792,   87510.279,   83156.736,   79074.175,   74238.479,   74233.468,   75674.710,   77264.659,   78549.650,   79088.685,   81135.446,   80897.316,   81053.787
     105.000,   78601.064,   77740.562,   81384.659,   83978.992,   87465.234,   90027.543,   96460.677,  101643.801,  109772.282,  112564.210,  123439.524,  140298.026,  129330.728,  137174.518,  148886.579,  112073.980,  113939.436,  117750.479,  119841.885,  121166.966,  110439.166,  101991.012,   94916.902,   92239.099
     106.000,  101740.810,  106845.989,  111134.574,  111153.367,  105231.787,  100087.274,   93708.346,   93378.879,   91749.868,   91247.202,   87591.327,   81696.454,   71594.858,   70111.523,   68358.899,   61403.991,   62760.684,   65140.157,   65877.123,   68947.379,   72598.158,   76691.689,   81937.843,   81822.119
     107.000,   60648.761,   71546.026,   82224.474,   86928.019,   94097.100,   97465.929,   98335.025,  111610.150,  118913.103,  125924.958,  130959.899,  133374.724,  129402.274,  137610.862,  145127.777,  148068.527,  152913.495,  159541.410,  166303.432,  177807.181,  195435.813,  226291.961,  251772.306,  280806.352
     108.000,  150073.349,  157801.017,  163118.292,  164516.115,  166879.855,  158423.337,  163241.111,  160779.539,  168321.859,  162764.010,  156844.091,  147941.052,  129817.432,  131051.370,  139958.684,  130438.980,  131157.040,  130372.822,  132506.245,  132759.867,  137956.237,  137311.490,  147036.943,  127419.783
     109.000,   13881.146,   14881.492,   16046.386,   16638.296,   16081.840,   15199.853,   16383.550,   17730.554,   19590.211,   20490.863,   20253.414,   25707.447,   31421.079,   37644.340,   44379.459,   50958.187,   51322.744,   53610.784,   56962.965,   57312.665,   57164.992,   58290.124,   60516.779,   56472.592
     110.000,   15318.648,   16905.228,   18826.676,   19650.503,   19673.827,   19500.921,   23192.652,   25686.927,   30501.901,   33069.098,   35401.631,   32030.729,   29397.510,   26622.653,   24036.321,   20701.183,   21217.650,   22319.076,   23746.432,   24056.742,   24744.991,   25076.458,   26176.013,   23108.559
     111.000,  271670.351,  299865.557,  337013.381,  369215.100,  382510.487,  381535.411,  363328.228,  354672.336,  350015.451,  342252.597,  341730.497,  341198.704,  333347.531,  333476.732,  333689.398,  327919.073,  339070.703,  350511.317,  356753.500,  365184.298,  353301.102,  344861.070,  348788.409,  338022.254
     112.000,   23053.273,   29386.191,   37503.093,   48354.193,   57756.161,   61888.310,   67280.301,   76028.385,   97266.020,  114995.709,  130306.413,  147000.388,  155212.077,  172213.763,  189919.450,  199816.065,  205581.477,  222259.060,  248446.021,  277829.324,  292557.952,  308595.721,  319305.190,  338610.837
     113.000,   11658.477,   13608.985,   16403.220,   19029.636,   20839.530,   21380.226,   21887.268,   22714.046,   24510.256,   25640.957,   27001.938,   27841.649,   27030.940,   27009.180,   26492.885,   24889.585,   26249.532,   27689.483,   29406.153,   31173.181,   31680.208,   32724.194,   34039.052,   33691.647
     114.000,   41630.023,   44606.152,   55540.115,   56320.649,   54716.946,   59190.934,   61110.686,   67759.463,   72472.120,   80642.063,   88291.656,   92752.982,   93541.368,  100521.757,  106043.208,  111348.638,  120011.078,  126714.037,  138007.762,  149558.426,  166358.156,  185048.604,  204720.132,  215450.467
     115.000,   10887.338,   11523.981,   14394.310,   15495.077,   16024.781,   17482.904,   18825.474,   21082.579,   22966.560,   24819.849,   27192.597,   32263.789,   35499.494,   41289.154,   49204.401,   58554.548,   64032.189,   70238.773,   78290.473,   88646.871,   99991.902,  114750.726,  129544.414,  137857.165
     116.000,  374131.260,  404905.626,  442872.742,  478951.468,  544004.369,  576353.533,  609121.092,  618699.650,  652027.611,  660442.979,  667276.421,  639715.980,  708843.101,  657917.454,  648373.429,  686697.820,  655691.064,  644895.513,  617542.305,  587347.261,  588774.319,  582219.943,  570484.076,  517453.271
     117.000,  341190.643,  402205.670,  500235.443,  640614.122,  575398.969,  524314.059,  538062.631,  568628.661,  600380.822,  656123.061,  705865.863,  659954.213,  666025.132,  641834.456,  621938.403,  624796.107,  635404.667,  630663.297,  634351.476,  601716.675,  600547.022,  589132.330,  613197.762,  604101.774
     118.000,  412406.407,  420633.948,  419798.584,  442602.876,  447616.117,  457411.625,  477660.450,  501270.407,  535466.599,  540676.519,  575148.023,  565043.413,  481722.539,  464627.893,  493307.663,  505117.802,  526244.073,  590876.136,  644720.419,  658044.663,  681032.366,  703619.025,  712586.376,  709654.319
     119.000,  111988.140,  119368.724,  123783.490,  131256.308,  134767.461,  138631.275,  147006.166,  157006.090,  167534.405,  172840.594,  185056.499,  207239.510,  208632.919,  218634.200,  254010.742,  296673.294,  315223.486,  342232.716,  371329.980,  387194.515,  407727.604,  421183.410,  438313.805,  429923.494
     120.000,  908387.838,  935340.702,  965055.294, 1002230.920, 1025129.199, 1076138.841, 1124127.382, 1235476.316, 1367228.519, 1360330.829, 1342372.117, 1298995.970, 1277792.761, 1311296.379, 1332325.224, 1343783.297, 1408990.540, 1465402.145, 1560841.048, 1607357.455, 1598344.969, 1634603.822, 1662376.022, 1692060.150
     121.000,   98254.707,  104281.247,  111292.539,  118311.562,  112691.636,  100363.933,   98188.163,   99592.340,  102220.416,  109207.540,  108704.352,  109097.524,   88270.238,   92322.874,   94145.473,   99046.796,  108629.823,  119691.865,  125170.633,  132194.884,  137993.778,  143217.687,  151925.236,  139316.240
     122.000,   29424.881,   33676.402,   36339.800,   39504.682,   38511.477,   36667.291,   39582.663,   41981.811,   42161.609,   43470.160,   43186.576,   41990.100,   38026.854,   35966.542,   35507.795,   34692.864,   36519.170,   39478.835,   41660.659,   44239.507,   45221.342,   47443.234,   49295.449,   47718.518
     123.000,   56313.490,   61323.519,   65548.272,   70995.423,   69841.326,   64724.356,   68975.567,   70421.562,   76447.998,   84968.831,   85255.271,   88315.324,   76963.537,   79487.463,   81789.122,   83538.589,   86419.008,   93639.999,   92861.038,   93340.453,   94810.500,  100258.111,  104782.172,   92907.244
     124.000,   98294.230,  121098.223,  127992.177,  136361.273,  136823.898,  133393.401,  139602.046,  141100.165,  146138.565,  147474.197,  147901.563,  154845.980,  135157.819,  143706.341,  152068.750,  156275.569,  163136.884,  171168.628,  168296.027,  168683.870,  169370.337,  178966.187,  183676.365,  169292.863
     125.000,  265581.749,  277770.754,  277858.517,  271147.531,  276658.381,  308963.897,  330234.128,  331438.649,  339615.656,  342804.526,  343593.052,  330477.633,  309384.962,  304828.866,  306989.943,  306776.581,  303851.036,  304935.492,  312914.723,  309765.244,  316762.168,  305162.249,  311175.775,  294195.687
     126.000,  148123.019,  152334.548,  157456.697,  160102.410,  158775.747,  153105.506,  149709.585,  151585.146,  153723.962,  150236.060,  153519.822,  159988.444,  147471.203,  150117.633,  157624.144,  158990.190,  161933.901,  165320.146,  167139.429,  168152.150,  168044.551,  167069.523,  173123.281,  156857.796
     127.000,  191070.229,  205947.653,  206586.169,  223328.561,  227472.873,  215922.851,  222720.259,  252499.819,  278817.939,  287278.569,  289082.734,  295277.287,  280555.085,  274899.457,  280461.535,  286818.042,  281657.053,  296673.309,  307667.683,  314840.662,  312979.374,  318345.152,  326084.801,  310559.985
     128.000,   23497.665,   24292.980,   24187.163,   23984.669,   23000.770,   21610.688,   22391.635,   24561.540,   26149.231,   27092.111,   28876.888,   28750.388,   26452.226,   26241.077,   26582.797,   26569.854,   27480.022,   28625.858,   29688.072,   30546.891,   32021.643,   33205.113,   35101.550,   32786.215
     129.000,  131616.824,  153159.401,  187660.623,  210115.286,  212998.019,  212384.749,  215760.475,  227978.998,  243519.749,  250619.150,  280117.545,  303343.306,  308583.270,  346904.884,  379386.144,  416077.847,  427637.605,  450079.281,  463262.792,  496923.244,  534692.913,  578150.498,  611616.874,  629891.832
     130.000,  142971.520,  154305.453,  162560.964,  170349.616,  170239.968,  172714.477,  173950.795,  169641.487,  175237.820,  177830.177,  190017.691,  202442.129,  198382.627,  209125.425,  226213.241,  239309.663,  245328.881,  263464.384,  274099.744,  284691.116,  299302.616,  314365.932,  335651.237,  320644.537
     131.000,  327715.340,  344764.443,  363198.110,  386730.006,  403567.330,  412172.227,  418725.503,  426440.490,  447043.972,  460032.659,  475168.547,  479260.033,  470667.923,  470752.394,  477907.681,  475625.387,  488205.762,  501565.819,  507355.123,  541249.604,  550118.016,  570962.473,  606662.502,  611680.564
     132.000,  232018.890,  251263.652,  269735.216,  295765.290,  278073.840,  274848.835,  278120.406,  297099.371,  313248.596,  324401.972,  343787.345,  337934.138,  307090.043,  308806.465,  312814.157,  321930.192,  326873.256,  341765.348,  358695.251,  378875.486,  393463.777,  420267.686,  443767.349,  422819.111
     133.000,  102404.966,  104700.341,  105366.988,  110065.197,  107558.277,   97617.356,   97134.985,  101191.473,  105832.846,  109087.321,  114299.229,  116086.784,  108868.715,  110860.363,  113265.626,  116986.163,  118387.538,  126552.463,  129873.065,  132492.679,  140144.855,  144880.913,  150124.413,  134408.611
     134.000,  305982.951,  335007.252,  344321.796,  351766.611,  377418.602,  330920.813,  337348.998,  375745.149,  404279.565,  429130.640,  471103.123,  460903.455,  444963.021,  450008.785,  470220.547,  465623.000,  474880.454,  488003.409,  492978.239,  458949.657,  484215.364,  477589.774,  486251.813,  435777.056
     135.000,   46905.383,   50731.480,   50876.155,   52080.002,   49393.239,   47199.809,   48306.815,   45777.364,   46293.546,   44946.196,   45579.552,   44236.516,   40275.849,   42036.310,   43858.524,   45739.795,   46718.438,   51779.324,   55241.405,   58979.481,   62932.752,   67068.873,   70623.048,   68531.280
     136.000,   11180.034,   12968.943,   14279.419,   15604.881,   15436.157,   15403.464,   17491.037,   19791.626,   22868.381,   25314.999,   28281.888,   27125.502,   26221.157,   26115.278,   25980.329,   26276.072,   26896.957,   29014.223,   31343.022,   33820.521,   36247.128,   37682.317,   40296.036,   39067.040
     137.000,  102037.086,  118736.236,  127760.151,  140755.507,  137325.457,  135907.457,  141119.160,  151381.092,  163771.134,  173925.580,  186588.608,  195536.727,  190900.538,  207644.494,  228566.997,  246325.992,  253968.350,  275963.407,  289104.212,  300671.850,  316689.951,  334697.842,  345809.787,  328969.334
     138.000,   56151.453,   61295.773,   66078.776,   69545.100,   69458.033,   66766.628,   70773.044,   70227.950,   73783.726,   74546.209,   77961.677,   75491.620,   67000.835,   70944.402,   72837.491,   72089.948,   73221.153,   80122.761,   84908.496,   89514.448,   94831.312,   99225.629,  103683.419,   99318.711
     139.000,   31637.597,   34219.571,   35380.187,   36225.307,   33842.418,   30517.912,   31659.904,   33045.709,   36511.222,   37752.725,   39973.302,   42573.691,   37332.756,   38812.351,   39032.741,   37543.130,   38783.607,   42619.683,   45153.647,   48172.932,   51983.682,   57111.365,   59802.388,   43198.014
     140.000,   35123.630,   39595.222,   42005.485,   44195.874,   43155.220,   41182.302,   42472.519,   44762.051,   47979.591,   48717.011,   48834.480,   48288.416,   44598.751,   47336.226,   49956.430,   52728.390,   54298.198,   58371.744,   61267.944,   63830.608,   66648.338,   69526.345,   72203.941,   69433.591
     141.000,   96084.086,  107243.686,  115799.104,  125096.049,  120605.611,  118929.647,  124229.434,  136244.292,  147333.062,  150706.556,  151071.357,  149391.567,  137787.632,  143071.369,  143819.896,  141904.902,  146238.491,  158124.759,  172282.297,  181668.460,  186639.471,  202837.052,  213688.991,  205100.922
     142.000,   43503.504,   45918.997,   46412.558,   46281.575,   42528.317,   39418.408,   39613.719,   40406.638,   40755.665,   39585.044,   39763.169,   37144.421,   33859.615,   34695.917,   35376.261,   33957.943,   34189.033,   36835.201,   38678.169,   40393.740,   42229.633,   43087.972,   44719.245,   42697.737
     143.000,   69732.809,   73322.767,   74201.074,   77398.304,   81788.184,   85645.468,   80647.599,   86196.475,   91453.885,   97671.995,   99153.347,   97835.084,   90804.659,   96996.873,   96354.769,   96588.418,   96262.173,   99041.967,   99283.514,  101801.279,  105056.583,  105826.109,  110540.201,  107321.402
     144.000,   52781.315,   52397.926,   51825.838,   51322.371,   50614.254,   49476.132,   47558.986,   46427.687,   44897.021,   45628.766,   46432.822,   46294.060,   44732.342,   43695.169,   42990.149,   41382.940,   41511.028,   41639.479,   42466.313,   44092.576,   43876.664,   43920.546,   43522.772,   39957.632
     145.000,  180206.886,  187752.656,  195526.117,  204367.838,  214343.280,  229910.999,  226196.322,  217739.982,  214709.278,  219484.198,  222659.536,  224161.526,  223121.862,  225680.032,  225076.349,  220911.580,  217149.614,  216032.729,  216398.392,  217417.382,  218518.036,  219461.405,  220888.253,  215655.648
     146.000,   55588.348,   58817.655,   60680.464,   64599.031,   68203.235,   69026.843,   68678.258,   66276.358,   64982.775,   68516.610,   72372.217,   75065.714,   73999.912,   75949.517,   75842.722,   72782.250,   72931.904,   74534.675,   76979.255,   78549.583,   79385.630,   81367.290,   83877.765,   67854.899
     147.000,  240346.931,  250174.941,  256674.578,  271693.741,  288819.842,  315338.555,  335446.323,  352367.388,  365333.976,  380152.985,  385000.424,  401428.841,  405215.822,  407228.529,  414600.218,  414931.557,  424275.882,  437936.894,  465887.610,  489153.560,  509225.992,  525504.167,  532185.258,  500856.994
     148.000,   93819.560,   96523.081,   98734.760,  102634.131,  107557.903,  112240.000,  111036.000,  113247.000,  113212.000,  112056.000,  112960.000,  112709.000,  109766.000,  109347.000,  108234.000,  107155.000,  105032.000,  105592.000,  107382.000,  109643.000,  111853.000,  113325.000,  113435.000,   87881.000
     149.000,   58831.011,   57997.691,   58523.157,   56822.969,   58041.317,   57452.175,   60325.127,   63263.933,   64883.089,   65965.380,   68122.283,   70118.362,   72567.566,   78424.034,   81312.343,   82152.800,   84300.633,   87567.489,   93482.316,   98737.922,  101691.523,  107588.699,  112018.152,  107844.548
     150.000,   62429.457,   64538.076,   66839.534,   69970.221,   74704.724,   79648.490,   81572.983,   84234.521,   85022.550,   85791.544,   87289.529,   90514.133,   93509.908,   96937.393,  100575.548,  102688.144,  104787.826,  108361.399,  111656.874,  117659.548,  121248.982,  126432.449,  131106.067,  125923.550
     151.000,   24597.040,   27773.755,   29475.802,   32288.252,   35365.082,   37188.361,   38128.497,   39057.256,   38733.619,   39101.768,   38504.376,   42736.633,   46335.697,   48259.553,   51361.885,   52073.044,   53991.265,   56052.448,   58819.117,   62037.927,   64765.237,   68246.603,   70972.258,   72875.723
     152.000,   57831.846,   55852.589,   52786.762,   50431.805,   52148.252,   52791.880,   56181.151,   58758.183,   61648.164,   63920.735,   68229.984,   71569.126,   75560.603,   78268.443,   83214.539,   87310.985,   90728.865,   94298.512,   97723.580,  100420.301,  105070.825,  108511.877,  112672.330,  111579.210
     153.000,   22108.946,   23627.684,   24900.302,   26995.245,   29477.574,   32301.873,   33492.620,   35581.744,   36231.946,   36776.233,   38089.056,   37324.663,   37531.426,   36706.294,   35834.052,   33858.250,   35363.889,   36536.222,   38080.919,   40189.190,   41185.081,   43161.722,   44458.915,   42788.706
     154.000,  548658.069,  572761.189,  586652.065,  609293.915,  640625.585,  673222.535,  675740.137,  684260.384,  704278.827,  726239.646,  741502.188,  770916.540,  801803.968,  811226.929,  829191.405,  851833.976,  866030.668,  887688.446,  942934.014,  984133.156, 1010578.167, 1035490.646, 1065203.272, 1042610.939
     155.000,  165696.226,  164883.552,  163176.120,  161762.666,  165214.759,  169803.307,  176133.328,  179123.068,  184241.023,  190945.883,  195678.836,  199337.830,  201707.323,  206635.852,  208384.956,  209344.202,  215198.901,  217895.149,  222568.907,  225189.652,  226080.676,  225535.620,  221855.213,  210208.565
     156.000,   37719.022,   39931.951,   43074.826,   46554.708,   51168.482,   53905.341,   56028.799,   57152.805,   58687.937,   61719.680,   64459.328,   70687.449,   74713.682,   79761.594,   80072.980,   80483.612,   81780.102,   83493.797,   85062.529,   88633.610,   91655.364,   94445.476,   95031.127,   97434.627
     157.000,   21582.758,   23705.617,   26447.646,   29847.290,   33691.335,   36509.284,   37225.888,   37178.766,   37919.270,   39493.200,   40926.175,   43789.841,   44182.686,   45447.471,   44578.792,   43642.591,   44096.581,   44797.876,   44448.019,   46353.997,   48060.033,   49627.250,   50127.225,   51450.943
     158.000,   43684.865,   43561.162,   42729.047,   45588.910,   48412.150,   49235.992,   49240.588,   48592.283,   48839.459,   48802.892,   50022.426,   50479.543,   50168.577,   50470.580,   48797.850,   47116.929,   46342.001,   47192.314,   47309.870,   48620.333,   50389.719,   53388.848,   54828.010,   44474.613
     159.000,   21251.981,   20662.093,   20790.049,   20271.503,   20672.591,   22097.677,   23387.973,   24581.600,   26287.284,   28578.457,   30853.323,   31282.429,   31067.359,   29592.533,   29145.589,   29202.716,   30283.623,   31559.343,   32538.043,   32655.731,   34072.951,   35143.888,   35945.107,   24294.273
     160.000,   25460.457,   26787.903,   28035.751,   28427.138,   29724.995,   30944.460,   32037.332,   31435.472,   30704.483,   31675.245,   32413.438,   31992.423,   31840.304,   32334.654,   32672.629,   32950.558,   33103.363,   34946.652,   35029.495,   36013.129,   36909.355,   37319.969,   38085.055,   25758.792
     161.000,   14827.759,   14703.598,   14760.202,   15388.177,   16518.912,   17870.886,   19677.580,   20207.068,   21022.664,   22615.666,   24322.341,   24288.815,   24040.191,   23545.589,   23538.455,   24292.335,   24765.577,   25793.269,   27231.183,   27135.218,   28980.098,   30372.716,   30837.387,   22950.371
     162.000,   25844.114,   24938.615,   24677.605,   24297.000,   25093.095,   26864.754,   27958.898,   27386.847,   26394.322,   27546.742,   27777.492,   28758.981,   29642.354,   30101.199,   31508.412,   33476.718,   33928.890,   35803.960,   37819.328,   38000.697,   39190.787,   40802.856,   41485.616,   38136.873
     163.000,    8691.528,    8524.642,    8411.460,    8577.475,    9550.270,    8834.818,    9184.208,    9708.433,   10131.611,   11022.527,   12153.112,   13457.880,   13828.591,   13261.593,   13146.725,   14429.424,   14420.753,   14948.191,   15094.574,   15431.361,   15597.512,   16124.998,   16351.737,   13176.839
     164.000,   10263.759,   11556.327,   12486.788,   13138.993,   13972.358,   14595.485,   14662.310,   14908.896,   14884.034,   14946.066,   15060.404,   14484.786,   13216.657,   12854.880,   12700.613,   12156.984,   12017.422,   12003.617,   12210.836,   12408.397,   12641.613,   12965.878,   13009.742,    6158.920
     165.000,   52271.175,   53278.625,   60169.259,   65127.202,   65671.165,   67985.592,   75081.070,   84389.208,   86975.517,   93135.915,   95002.423,   93128.516,   90194.292,   90716.621,   89405.843,   90010.438,   91280.601,   92709.161,   95405.447,   97266.341,   99590.318,  101189.949,  103354.556,   67157.678
     166.000,   46879.179,   48060.849,   50699.286,   51759.039,   53397.430,   53433.317,   55536.231,   58443.892,   58162.665,   61555.912,   63697.791,   63713.071,   61360.750,   62824.380,   65496.750,   66354.775,   69571.672,   70913.113,   72018.980,   73878.154,   79117.879,   80184.411,   80968.193,   44917.387
     167.000,  130359.772,  132749.976,  136116.521,  146142.418,  133598.438,  135330.020,  139226.804,  147226.157,  151575.611,  155208.871,  154584.568,  154865.254,  148568.132,  156185.518,  164574.025,  174853.832,  179254.453,  188091.001,  196260.795,  199735.294,  200617.322,  200876.248,  204342.283,  131586.076
     168.000,  558969.697,  577912.362,  593440.381,  624526.430,  625552.937,  644587.974,  660802.825,  682295.059,  696582.566,  713150.070,  718052.392,  699932.142,  670233.775,  686421.268,  707966.628,  730464.296,  741082.719,  768093.703,  810830.208,  828836.756,  847805.006,  870168.677,  889376.160,  772377.447
     169.000,  234463.860,  244426.633,  250442.913,  250426.724,  247409.902,  239495.375,  235989.137,  235237.470,  229988.189,  222400.426,  213476.187,  201432.147,  180260.623,  180732.568,  183744.448,  185700.742,  187133.857,  196897.625,  200289.318,  205754.592,  206458.212,  213864.894,  212037.374,  194978.995
     170.000,   39226.602,   39935.709,   39909.316,   38913.262,   37653.508,   34077.588,   34625.018,   35919.931,   35560.986,   37063.283,   37933.010,   39342.099,   40346.260,   42713.856,   46270.159,   47304.965,   47934.394,   50616.182,   52891.475,   53919.150,   53292.179,   55144.929,   57057.241,   60215.203
     171.000,   47913.028,   50779.892,   49887.814,   49825.204,   49516.931,   47745.003,   50662.920,   54417.275,   55110.237,   58185.454,   61692.680,   61120.284,   56886.194,   57233.640,   58460.555,   59671.302,   59291.759,   61182.443,   63410.691,   64571.666,   66087.991,   66738.989,   68400.141,   65370.866
     172.000,   38438.872,   44317.324,   45411.883,   47827.006,   48106.176,   46794.023,   45836.276,   45847.829,   44136.314,   43925.471,   41462.437,   39671.820,   36077.329,   35384.532,   34233.032,   32191.833,   32084.835,   33622.941,   34247.003,   33546.387,   32031.363,   32428.194,   32401.044,   27903.691
     173.000,   39786.790,   43278.247,   48417.120,   50546.832,   50892.581,   56151.786,   58634.062,   61859.912,   64410.418,   66935.524,   69130.513,   68620.694,   63897.962,   65786.958,   66936.394,   67692.253,   69879.472,   72862.234,   73827.771,   74974.689,   78586.118,   84061.215,   84627.547,   51934.919
     174.000,   23127.527,   23105.433,   22843.126,   22767.242,   22815.110,   22323.719,   22898.829,   22119.899,   22270.334,   22148.416,   21674.079,   20702.214,   19813.992,   19101.650,   18630.513,   19218.841,   18392.046,   18579.642,   18691.138,   18731.467,   18958.805,   18516.231,   18195.449,   18667.145
     175.000,   29895.454,   31399.777,   31455.907,   31378.574,   31354.317,   30710.032,   31147.551,   30740.296,   30186.756,   30670.749,   30101.756,   29028.635,   26711.399,   26930.573,   26667.105,   25679.744,   26294.010,   27222.157,   28019.728,   28266.810,   28269.249,   28678.073,   28579.309,   21304.389
     176.000,   64705.160,   68839.200,   71916.788,   72708.678,   71254.628,   70894.453,   71334.259,   72188.429,   70854.615,   69995.372,   69585.113,   67354.225,   62534.814,   62840.394,   62591.779,   63648.910,   63883.460,   66188.258,   67762.796,   68394.923,   70798.684,   74210.084,   74048.251,   50157.756
     177.000,   66401.415,   69846.923,   70766.384,   71834.969,   75277.182,   78247.000,   78768.000,   80500.000,   81323.000,   81563.000,   84499.000,   84087.000,   84833.000,   82390.000,   80288.000,   82389.000,   82997.000,   83861.000,   83894.000,   85308.000,   83646.000,   81487.000,   81345.000,   82012.000
     178.000,    6176.289,    8327.953,   11279.823,   15607.334,   24403.959,   36195.328,   38392.674,   40204.475,   41330.452,   43688.710,   44514.220,   48191.255,   43520.672,   43117.400,   42701.785,   43820.222,   42655.844,   44022.302,   43850.735,   47668.767,   44842.906,   48297.295,   46104.846,   48476.693
     179.000,   81386.314,   85195.525,   86387.929,   86931.727,   87125.492,   86765.463,   83132.590,   78091.664,   72461.440,   68935.778,   63640.690,   69124.010,   64742.848,   66496.621,   68648.522,   72623.191,   71206.430,   72841.155,   73604.385,   75399.738,   76184.693,   77515.572,   77521.530,   74873.800
     180.000,   16966.636,   18525.955,   18247.194,   18347.348,   16702.323,   15753.372,   17073.669,   18161.637,   17896.421,   18575.327,   19163.953,   19069.608,   17316.062,   15786.387,   16531.275,   17330.005,   17879.317,   19415.774,   19332.030,   18117.789,   17079.013,   18502.812,   18565.675,   17102.495
     181.000,   86344.093,   89143.915,   90345.092,   92117.154,   87244.114,   86693.251,   83482.433,   85057.946,   85702.492,   86044.943,   85042.795,   79878.106,   72811.268,   69436.637,   64949.796,   61772.265,   58075.657,   56510.605,   55619.304,   55814.919,   53198.854,   52267.586,   49179.069,   48186.593
     182.000,       0.000,       0.000,       0.000,       0.000,       0.000,       0.000,       0.000,       0.000,       0.000,       0.000,       0.000,       0.000,       0.000,       0.000,       0.000,       0.000,       0.000,       0.000,       0.000,       0.000,       0.000,       0.000,       0.000,       0.000
     183.000,    3651.706,    4418.447,    4727.364,    5052.720,    4061.834,    3870.877,    3821.463,    4080.571,    4279.993,    4008.792,    3978.873,    7407.298,    8875.037,    9870.414,   11298.127,   13746.500,   13043.603,   13715.607,   13852.969,   14206.853,   13609.141,   12960.015,   13034.955,   12675.376
     184.000,  218506.359,  211547.399,  206391.577,  204858.664,  206158.299,  211498.000,  218854.000,  222902.000,  223693.000,  220353.000,  219609.000,  227872.000,  242592.000,  250452.000,  252946.000,  248004.000,  239267.000,  234279.000,  228688.000,  228373.000,  228612.000,  230902.000,  234574.000,  240637.013
     185.000,  129636.755,  126794.191,  124411.382,  122341.143,  120802.598,  120877.000,  122762.000,  125908.000,  130101.000,  134798.000,  139886.000,  145486.000,  150889.000,  155361.000,  158391.000,  159606.000,  159190.000,  157257.000,  154825.000,  152544.000,  150740.000,  150318.000,  151737.000,  154476.093
     186.000,  117667.886,  114833.411,  129292.040,  126261.193,  138603.103,  158889.000,  189538.000,  208713.000,  210053.000,  213073.000,  219181.000,  243344.000,  262309.000,  273454.000,  257992.000,  242728.000,  208814.000,  194443.000,  189076.000,  192060.000,  194296.000,  206163.000,  227491.000,  236428.894
     187.000,  130874.709,  132395.480,  132651.031,  136761.149,  136687.447,  139107.000,  142656.000,  141466.000,  141272.000,  141376.000,  142321.000,  147732.000,  155417.000,  162110.000,  160318.000,  161051.000,  156364.000,  156255.000,  157965.000,  161205.000,  160878.000,  159745.000,  159560.000,  167361.204
     188.000,   61723.022,   63417.104,   65648.424,   67901.896,   69811.608,   71780.000,   73623.000,   75485.000,   77583.000,   80185.000,   82704.000,   85159.000,   87662.000,   90082.000,   92618.000,   95001.000,   97150.000,   99078.000,  100852.000,  102811.000,  105109.000,  107448.000,  109862.000,  112499.241
     189.000,   34408.270,   29676.416,   30112.545,   32949.956,   44655.945,   58606.000,   64140.000,   70191.000,   72629.000,   79760.000,   76148.000,   85187.000,   99018.000,  108362.000,   90636.000,   92861.000,   86437.000,   83710.000,   90549.000,   90330.000,   83932.000,   91812.000,   93379.000,  104710.555
     190.000,       0.000,       0.000,       0.000,       0.000,       0.000,       0.000,       0.000,       0.000,       0.000,       0.000,       0.000,       0.000,       0.000,       0.000,       0.000,       0.000,       0.000,       0.000,       0.000,       0.000,       0.000,       0.000,       0.000,       0.000
     191.000,   42801.488,   43219.814,   43619.625,   43370.863,   44429.296,   46847.749,   47057.757,   47716.908,   49566.724,   50304.400,   52461.152,   53437.917,   53954.109,   54997.827,   55971.949,   57315.298,   58430.475,   58902.379,   60224.879,   61314.113,   61708.358,   62488.712,   63295.843,   60726.081
     192.000,   48211.169,   51556.576,   55457.857,   57059.006,   58485.739,   61808.579,   62425.445,   62736.016,   63076.547,   63438.841,   63405.799,   64249.241,   63966.897,   62837.579,   60772.752,   59138.366,   59544.493,   59636.185,   60512.182,   61773.294,   61717.100,   65606.492,   65428.129,   62358.303
     193.000,  393587.901,  399226.779,  400937.843,  406806.705,  411533.176,  419950.580,  421468.929,  421681.633,  423888.610,  427442.024,  432515.111,  436819.567,  436632.831,  429676.317,  419811.851,  410683.312,  407402.413,  405392.240,  408349.656,  412109.042,  417391.807,  418753.531,  422837.524,  402998.387
     194.000,  290412.656,  297900.551,  302216.359,  309232.008,  316286.964,  320721.490,  329991.489,  330377.330,  333209.135,  334870.636,  338820.671,  345392.916,  344087.917,  342303.252,  336394.149,  331337.566,  330878.433,  330253.066,  332777.049,  339232.457,  343626.858,  346957.607,  351465.318,  334974.898
     195.000,   30862.318,   31166.357,   30956.825,   29973.103,   30665.300,   33074.375,   32946.824,   32885.002,   33734.203,   34206.688,   35693.166,   35654.332,   35185.801,   35673.718,   36223.714,   36651.572,   37891.121,   37690.842,   38320.313,   38958.113,   39259.066,   39942.798,   40212.291,   34496.903
     196.000,   43820.328,   43916.027,   43005.344,   44983.413,   47601.210,   48009.942,   47051.185,   46049.542,   45473.994,   45008.521,   45583.500,   44775.359,   43998.419,   42626.550,   41970.332,   40757.487,   40029.586,   39871.306,   39656.669,   39551.785,   40479.628,   39138.410,   40618.382,   38712.606
     197.000,  110105.341,  111169.668,  113390.169,  114168.446,  118003.187,  116129.432,  117559.816,  118595.826,  119926.902,  120622.597,  123145.084,  126180.361,  128141.807,  129247.460,  131894.843,  132896.218,  134426.198,  136113.684,  136733.487,  139211.438,  140561.374,  143305.104,  146576.327,  139699.104
     198.000,  171513.944,  173152.926,  175497.340,  177756.592,  181887.278,  186862.978,  179211.136,  178832.653,  178159.813,  179313.381,  181296.835,  180517.556,  182404.129,  177673.843,  175826.074,  172314.051,  171150.876,  171440.520,  172250.958,  171624.984,  171625.234,  173127.857,  174718.321,  166520.703
     199.000,  113001.410,  118296.651,  124041.337,  129912.652,  135550.327,  140701.000,  144850.000,  149165.000,  153319.000,  157629.000,  162582.000,  167398.000,  171243.000,  174019.000,  176302.000,  178351.000,  180250.000,  182125.000,  184083.000,  186357.000,  189010.000,  192075.000,  195355.000,  198915.000
     200.000,  153573.251,  182819.821,  210511.751,  215140.177,  235126.118,  250829.000,  231986.000,  228935.000,  228399.000,  232048.000,  241703.000,  226473.000,  262312.000,  234513.000,  197373.000,  191251.000,  196904.000,  198265.000,  229625.000,  252039.000,  255464.000,  257627.000,  256275.000,  279226.000
     201.000,  926717.336,  961379.617,  997563.576, 1037391.391, 1076758.708, 1084475.483, 1112028.800, 1152445.439, 1213903.926, 1245110.132, 1240738.135, 1255801.932, 1260693.336, 1265342.522, 1270557.024, 1276280.378, 1285221.487, 1297468.572, 1312938.300, 1330757.167, 1346746.021, 1364876.972, 1383416.120, 1400407.117
     202.000,       0.000,       0.000,       0.000,       0.000,       0.000,       0.000,       0.000,       0.000,       0.000,       0.000,       0.000,       0.000,       0.000,       0.000,       0.000,       0.000,       0.000,       0.000,       0.000,       0.000,       0.000,       0.000,       0.000,       0.000
     203.000,   20945.999,   20193.727,   20791.775,   17906.874,   17964.399,   14824.161,   16463.896,   13231.601,   15702.994,   14345.575,   15414.193,   12566.229,   15488.252,    9455.053,    8584.212,    9444.968,    9692.315,    8728.383,   12130.652,   17081.771,   20049.765,   15600.968,   29888.083,   29365.014
     204.000,       0.000,       0.000,       0.000,       0.000,       0.000,       0.000,       0.000,       0.000,       0.000,       0.000,       0.000,       0.000,       0.000,       0.000,       0.000,       0.000,       0.000,       0.000,       0.000,       0.000,       0.000,       0.000,       0.000,      -0.000
     205.000,     574.533,     515.056,     772.669,     506.528,     533.757,     461.827,     528.183,     774.699,     565.195,    1074.085,     804.889,    1097.249,    1607.031,    2548.568,    2892.874,    2905.623,    3139.819,    3545.698,    4931.160,    5845.094,    6522.185,    8334.319,    8823.493,    6572.088
